1,144.683,179.661,177.285,163.932,58.483,186.378,172.733,253.078,213.504,143.979,161.628,89.528,129.116,176.549,205.029,173.46,95.707,75.841,21.478,43.141,25.792,68.253,110.021,54.155,28.992,41.492,32.958,37.628,126.497,114.358,177.297,104.792,207.223,185.654,172.789,216.135,134.263,106.823,81.624,114.439,223.88,131.842,224.311,128.899,99.809,49.349,36.933,40.594,69.469,108.344,100.894,47.57,40.844,49.19,168.031,159.151,195.824,215.436,85.203,68.101,60.091,45.637,25.457,23.3,125.884,195.161,118.556,126.201,136.085,115.338,84.341,90.39,225.675,190.067,142.33,183.944,108.483,119.092,214.484,34.55,52.205,74.186,37.672,28.271,39.908,40.499,39.068,58.709,68.513,70.489,132.359,90.064,26.462,23.405,25.492,24.564,23.828,44.381,36.596,12.434,13.585
2,144.233,180.11,177.598,163.191,57.179,186.423,173.221,253.114,213.775,144.906,162.345,89.942,128.955,175.645,204.898,172.55,95.968,75.522,21.133,42.68,24.904,67.676,110.307,54.606,29.542,42.264,32.128,37.63,126.297,114.758,176.472,103.49,206.437,184.86,172.256,215.992,133.88,105.948,81.448,114.617,223.411,131.909,224.323,128.236,99.64,50.137,36.161,40.182,69.528,107.508,100.268,48.257,41.521,48.909,167.141,158.825,195.838,215.374,85.88,66.549,59.744,45.971,25.554,22.878,125.388,195.119,118.63,124.144,134.711,115.059,83.932,89.807,225.473,189.898,142.028,183.31,106.441,118.788,214.108,33.905,52.425,74.98,37.589,28.345,39.735,40.159,39.574,58.292,67.733,70.485,132.358,90.085,25.187,23.285,25.619,24.341,23.754,45.105,36.897,11.876,12.339
3,144.46,180.437,177.485,162.919,57.913,186.567,173.587,253.077,213.984,145.605,163.123,90.262,129.849,175.953,205.813,173.26,95.251,75.328,21.465,41.99,24.825,67.55,110.423,54.549,29.867,42.339,32.703,38.716,126.289,114.358,176.493,103.966,206.687,185.327,171.969,216.338,134.02,104.937,80.728,114.506,223.489,132.589,224.663,129.12,99.447,50.031,36.912,40.852,69.359,107.786,100.888,47.774,42.663,49.508,167.577,159.98,195.93,215.236,86.353,66.566,60.172,45.662,25.525,22.437,125.888,194.398,118.059,124.201,134.475,114.764,83.154,88.994,225.957,189.793,141.985,183.327,107.539,118.894,214.302,33.004,51.499,74.487,37.591,28.247,38.878,40.763,39.57,57.968,68.113,71.096,132.582,90.323,25.115,24.175,25.567,24.081,24.169,45.587,35.701,12.408,12.552
4,144.356,180.941,177.658,162.718,58.187,187.197,174.061,253.1,214.273,145.843,164.007,90.732,129.887,175.318,206.705,172.33,94.236,74.437,20.966,42.254,25.564,66.943,110.05,54.149,28.831,42.627,32.177,38.309,125.109,114.455,175.405,103.612,207.042,184.466,172.221,215.841,132.807,103.723,80.324,114.275,223.278,132.127,224.758,129.503,99.324,49.131,36.272,39.764,69.296,107.237,99.962,47.856,42.8,48.281,166.721,159.799,195.451,214.866,86.26,66.078,58.913,45.381,25.518,21.626,124.334,194.363,118.344,123.149,133.376,113.433,82.814,88.355,226.186,189.408,142.401,183.001,105.493,118.93,213.925,32.785,51.279,74.605,38.689,27.325,38.098,40.406,39.655,56.994,66.672,69.818,132.461,90.035,25.8,23.623,26.113,24.268,22.894,45.289,36.229,11.577,11.708
5,143.866,181.057,177.031,161.536,58.3,186.828,174.525,253.044,213.779,146.483,164.384,90.891,129.556,175.043,206.613,172.493,93.596,74.265,21.469,41.647,24.626,66.223,110.351,54.261,28.517,41.207,32.413,38.027,124.556,114.372,174.394,102.665,206.244,184.203,171.546,215.561,131.369,102.385,79.696,113.041,223.004,132.742,224.737,129.416,99.2,49.307,37.084,39.874,69.352,106.756,99.582,47.742,42.303,48.077,165.528,159.806,194.795,214.453,86.979,65.179,58.744,45.663,25.885,21.927,123.849,193.782,118.204,121.598,131.173,112.398,81.031,86.824,226.377,189.362,140.68,181.479,104.947,118.073,212.366,32.989,51.06,74.525,38.141,26.708,37.872,40.722,38.427,57.243,65.446,70.2,132.198,89.092,25.278,22.846,24.701,24.056,22.003,45.226,36.201,12.221,12.186
6,143.883,180.863,176.673,160.79,58.344,187.406,175.194,253.016,214.601,145.793,165.326,91.328,130.034,174.022,207.918,171.563,93.096,72.648,20.951,40.515,25.073,66.385,109.595,54.399,29.017,40.906,32.307,39.141,124.004,115.029,173.299,102.13,205.42,183.887,171.594,215.19,130.187,101.434,78.846,113.658,222.49,131.733,225.052,129.694,99.17,49.528,36.473,39.954,69.454,106.574,99.497,47.852,41.807,47.804,165.001,159.218,194.944,213.83,86.663,64.398,57.196,45.807,24.834,22.251,121.959,193.608,117.825,120.173,129.499,110.853,81,86.496,226.325,188.803,140.422,180.658,104.187,117.631,212.564,32.249,50.63,73.404,37.538,27.219,37.043,40.406,38.694,54.561,65.187,69.046,131.779,88.69,24.81,23.007,24.845,23.634,23.282,44.634,35.146,12.258,12.073
7,143.482,181.148,177.615,159.947,57.894,187.898,175.814,253.056,215.012,147.146,165.587,92.275,129.489,173.613,208.06,171.742,92.45,71.814,20.712,41.022,24.824,66.494,110.385,55.297,29.363,40.521,32.05,38.337,122.88,113.802,172.93,101.52,205.015,183.374,171.532,214.497,129.063,100.271,78.061,112.101,221.901,131.603,225.559,130.246,98.427,49.529,35.546,38.492,69.976,105.388,97.547,47.439,41.86,47.346,163.665,158.87,194.468,213.419,86.466,64.704,57.824,45.89,25.08,21.462,121.447,192.904,118.024,118.736,128.837,110.862,80.402,86.504,226.679,188.575,139.747,180.12,103.909,117.376,211.508,32.686,50.531,73.56,37.225,26.705,36.697,39.802,38.383,56.515,65.367,70.277,131.545,87.566,24.159,23.194,25.339,23.955,23.168,44.982,36.084,11.992,12.239
8,142.883,180.663,176.707,159.507,58.256,186.911,176.113,252.974,214.753,147.015,166.521,92.983,129.71,173.318,208.263,171.496,92.612,72.311,20.666,41.068,23.311,65.038,110.434,53.947,29.015,41.221,32.123,39.027,121.827,113.504,172.264,101.543,205.184,183.01,170.962,214.561,127.927,99.75,77.668,111.99,221.744,131.88,225.313,129.286,97.872,49.672,35.366,38.573,69.191,105.078,97.525,46.23,41.76,46.859,162.997,159.182,194.281,213.628,86.566,63.635,56.937,45.718,25.087,21.958,120.809,192.411,117.042,117.006,127.538,109.634,79.74,85.292,226.849,188.112,139.589,179.443,103.183,117.837,211.016,32.12,49.574,73.415,37.601,26.454,35.867,39.494,37.919,55.536,64.177,69.237,131.666,87.585,24.468,23.606,25.244,23.979,23.211,44.156,35.97,11.587,12.066
9,142.725,180.832,176.846,158.809,58.155,187.573,176.242,252.907,214.577,147.613,166.742,92.322,130.115,172.317,208.712,170.825,91.3,70.837,21.159,40.582,23.767,64.86,110.955,55.137,29.489,40.691,30.716,38.714,121.458,113.222,171.507,100.381,204.284,182.374,170.715,214.316,127.108,97.729,76.73,111.486,220.79,131.226,225.691,129.497,97.978,49.324,35.316,38.591,69.007,103.606,96.285,47.131,40.848,47.63,162.339,158.693,193.687,212.98,86.61,63.919,55.468,45.987,24.93,22.413,121.115,192,117.108,116.554,126.764,108.8,78.408,84.673,226.814,187.289,139.451,177.676,101.522,116.588,210.821,31.848,49.458,73.034,38,26.05,35.944,38.723,38.244,55.359,62.705,69.264,130.413,87.443,24.546,22.31,25.028,23.303,22.518,44.432,35.342,11.328,11.493
10,142.737,180.841,176.265,158.883,57.978,187.148,176.884,252.894,214.652,147.847,167.445,93.148,130.088,172.377,209.004,170.828,91.256,71.353,20.701,39.511,24.221,64.934,109.786,54.869,28.651,39.473,30.427,37.758,120.83,112.666,171.313,99.623,203.895,181.719,170.647,213.715,125.835,97.415,76.165,110.856,220.736,131.23,225.507,129.066,97.176,49.218,34.494,37.487,69.447,104.563,96.711,46.655,41.851,46.659,162.152,158.708,193.803,212.434,85.831,63.119,55.911,46.61,24.648,22.225,119.703,191.311,117.003,114.803,125.508,108.05,78.169,84.151,226.983,187.19,137.772,177.309,101.225,116.757,209.818,32.286,48.867,72.807,37.096,26.719,35.704,38.701,37.134,55.425,63.61,69.63,131.133,86.93,24.543,23.867,24.556,23.676,22.848,43.975,36.298,11.906,11.93
11,141.756,180.919,175.624,157.425,57.665,187.853,177.144,252.866,214.798,147.743,167.141,92.747,130.226,171.715,209.561,170.589,90.542,69.63,21.154,39.668,23.19,63.954,109.641,55.137,29.27,39.806,30.652,38.765,119.454,112.876,170.348,99.619,203.413,181.084,169.867,213.406,125.219,95.117,76.221,110.374,220.022,130.404,225.659,129.48,97.5,48.962,35.518,38.528,68.504,102.925,96.359,46.356,41.703,46.081,160.778,158.388,193.127,212.018,85.979,62.767,54.908,46.993,25.342,22.494,118.648,190.436,116.377,112.927,123.622,105.652,77.594,83.683,226.824,186.193,137.888,176.979,100.898,116.483,209.288,31.912,48.45,72.714,37.377,26.644,34.873,37.842,37.304,55.094,62.587,68.163,129.589,86.08,24.483,23.066,24.23,23.029,22.779,44.522,35.403,12.059,12.131
12,141.212,181.12,176.183,157.263,58.378,187.071,177.447,252.82,215.089,149.042,167.696,93.376,129.324,171.383,210.332,169.582,89.779,69.085,20.513,39.786,23.073,63.848,109.729,54.521,28.087,39.398,30.06,38.609,118.193,112.763,169.531,98.385,203.144,180.872,169.546,213.183,123.162,94.367,75.338,109.849,220.134,131.228,225.929,129.715,97.149,48.978,34.905,38.092,69.148,103.397,95.795,45.929,41.612,46.218,160.011,158.177,193.08,211.458,86.441,63.309,55.008,46.918,24.222,22.524,117.585,190.131,115.575,111.709,122.179,106.267,76.399,82.997,227.203,186.162,137.152,175.669,99.951,116.179,209.197,32.149,48.295,72.323,36.799,26.184,34.275,37.925,36.525,54.545,61.574,68.063,129.557,86.163,24.034,22.937,24.764,22.679,23.297,43.958,35.655,12.034,12.513
13,141.399,180.655,175.828,156.458,58.444,188.054,177.98,252.868,215.34,148.303,169.194,94.019,129.954,170.46,211.025,169.503,89.282,68.613,20.599,39.764,23.218,63.703,110.034,54.612,28.295,39.13,30.48,38.999,118.469,111.828,168.99,97.908,202.909,179.985,169.918,212.58,122.101,94.078,74.054,109.367,219.334,131.145,226.439,129.513,96.344,48.683,34.698,37.149,68.549,101.807,95.004,44.848,41.8,45.144,159.068,158.149,192.446,211.101,86.119,63.207,54.128,46.61,25.332,22.419,116.584,190.059,116.054,111.223,121.792,104.744,76.116,82.535,227.56,185.705,136.499,175.032,99.413,115.777,208.476,31.747,48.802,72.475,36.811,25.898,34.158,36.476,35.948,54.986,61.156,68.291,129.17,85.605,23.175,22.855,24.365,22.937,22.989,44.363,35.426,11.902,12.45
14,140.899,180.401,174.878,155.622,57.707,187.122,177.957,252.73,214.765,148.349,168.797,93.893,130.101,170.106,211.376,168.912,88.608,67.953,19.334,40.008,23.197,63.155,109.373,54.447,28.313,38.862,30.23,38.446,115.602,111.344,167.608,97.441,201.622,179.601,169.099,211.894,120.82,93.58,73.278,108.957,219.014,130.644,226.419,130.003,96.703,49.208,33.561,36.955,67.517,101.494,94.711,44.946,41.187,45.423,157.708,158.208,191.786,210.934,86.268,62.27,53.12,46.546,24.57,22.978,116.359,189.011,116.137,109.211,119.369,103.159,75.622,82.272,227.708,185.142,135.358,173.587,98.756,114.381,207.555,31.071,48.02,71.154,36.261,25.63,33.793,36.496,36.997,54.87,61.823,68.288,129.352,84.412,22.905,22.332,23.772,22.054,21.792,43.515,34.708,11.429,11.899
15,139.804,180.439,174.311,154.349,57.883,187.866,178.552,252.701,215.389,149.297,169.92,93.981,130.568,169.527,211.848,168.405,87.471,66.898,20.218,39.679,22.394,62.047,109.204,55.549,27.953,38.163,29.64,38.112,115.936,111.003,166.355,96.307,201.295,178.45,168.915,211.339,119.644,92.02,73.123,107.796,217.957,130.869,226.715,129.686,95.947,48.258,33.986,36.377,68.08,100.876,93.911,45.052,41.142,44.918,156.673,157.122,191.712,209.936,86.471,62.426,52.729,45.897,24.416,22.7,115.415,188.704,116.193,107.545,118.179,102.401,74.684,81.13,227.409,184.571,135.056,172.485,97.279,114.77,206.903,30.634,48.165,71.413,37.306,26.006,33.791,35.511,36.035,54.387,60.233,67.345,128.652,83.293,22.898,22.087,23.754,21.937,21.494,43.885,34.412,11.884,11.432
16,139.151,181.053,174.623,152.476,57.973,187.839,178.723,252.577,215.101,150.341,171.288,95.137,129.81,168.515,212.649,168.37,87.293,65.939,20.571,39.93,22.398,62.581,109.19,55.313,27.98,39.691,29.543,38.229,114.972,110.612,165.5,94.563,201.05,178.011,169.222,211.193,118.591,90.605,72.281,107.356,217.353,130.522,227.043,129.176,94.589,47.708,33.51,36.743,67.395,99.489,93.363,44.797,40.25,44.239,155.508,157.507,191.011,209.353,86.763,61.884,52.813,46.468,24.48,22.029,114.087,188.465,115.906,106.33,116.803,101.709,74.219,80.99,227.313,183.374,134.432,171.867,96.166,114.19,205.772,30.616,46.708,71.137,36.175,25.134,33.457,35.809,35.596,54.423,59.831,67.43,128.654,83.128,23.18,22.45,24.162,21.737,21.95,43.67,33.798,11.989,11.811
17,138.758,181.193,174.099,152.318,56.797,187.464,179.975,252.611,215.257,150.351,171.062,94.682,129.835,167.687,212.747,167.342,86.36,65.68,20.478,39.436,22.606,60.832,109.028,54.626,28.325,37.573,30.045,37.457,115.524,110.811,164.138,94.976,200.605,177.464,168.483,210.392,117.359,89.454,71.046,106.554,216.687,128.905,226.582,129.087,93.725,47.911,33.176,35.709,68.064,99.275,92.244,44.469,41.128,44.258,154.775,157.356,190.615,208.718,86.163,61.779,51.965,46.916,23.989,21.689,113.912,188.017,115.839,105.739,116.527,100.718,74.494,81.197,227.521,182.542,133.527,170.184,95.341,113.589,205.256,30.901,46.996,69.201,35.451,24.469,32.193,35.772,35.733,53.321,58.628,67.187,127.904,82.105,22.385,22.508,23.221,21.623,22.538,42.881,35.476,11.589,11.454
18,138.469,181.007,174.017,151.186,57.106,188.142,179.841,252.606,215.202,151.096,172.577,95.524,129.513,166.834,213.394,166.975,86.316,64.732,20.606,39.503,22.804,61.705,109.479,55.291,28.289,37.916,28.919,38.099,114.049,110.584,164.492,93.045,200.314,176.608,167.79,210.327,116.697,88.86,70.827,105.582,216.243,129.059,227.096,129.508,94.908,47.554,33.954,35.581,68.638,100.214,92.501,44.839,40.549,43.327,154.303,156.542,190.207,208.314,86.247,61.642,52.117,46.103,24.447,21.898,113.457,187.08,114.774,104.288,113.885,100.411,72.391,79.366,227.554,182.075,132.49,169.568,95.102,113.652,204.697,30.534,46.015,69.175,36.839,24.735,31.256,35.325,35.405,53.36,59.522,66.098,127.441,81.793,21.524,22.722,23.425,22.806,21.616,44.275,33.743,11.302,11.046
19,138.599,180.976,174.19,150.765,57.686,188.419,181.032,252.557,215.36,151.586,173.093,96.581,130.546,166.443,213.651,166.272,85.768,64.732,20.112,39.797,22.95,61.466,109.341,55.853,27.856,38.031,29.134,37.359,113.797,111.228,163.885,93.824,199.666,176.355,167.686,209.899,115.232,87.645,69.021,104.339,215.687,129.362,227.314,129.102,93.405,47.025,33.377,37.056,68.494,98.619,91.971,44.673,40.908,43.948,153.277,157.257,190.133,207.743,86.433,61.721,51.006,47.063,23.838,21.619,112.384,186.954,114.802,102.933,113.183,99.878,72.841,79.549,227.275,182.024,132.591,169.351,94.391,113.25,203.651,30.209,46.022,67.677,35.568,23.51,31.797,35.423,35.279,53.786,58.865,67.56,127.626,81.7,23.045,22.965,23.595,21.703,22.817,42.916,34.736,10.985,12.124
20,138.475,180.852,173.99,150.106,57.504,188.406,180.765,252.551,215.079,151.63,173.5,96.27,129.774,166.017,213.994,166.045,85.05,64.154,20.052,39.775,22.08,60.862,108.927,55.046,27.959,37.996,27.867,37.777,113.325,110.465,162.979,93.377,199.271,175.494,166.57,210.015,114.391,86.527,69.099,104.021,214.888,128.884,227.207,129.265,93.416,47.082,32.687,35.478,68.041,97.878,91.865,45.503,39.377,43.668,152.817,156.584,189.434,207.27,85.975,61.214,50.848,47.022,23.204,21.014,111.235,186.441,114.258,102.797,112.972,98.419,71.971,78.036,227.592,181.617,131.927,168.183,93.223,111.595,202.83,30.521,44.042,67.142,34.863,25.33,31.246,34.286,35.025,53.686,58.112,66.858,126.603,81.256,23.274,21.619,23.443,22.05,21.155,43.293,34.226,10.954,11.355
21,138.147,181.175,173.112,149.331,56.515,188.426,181.479,252.515,215.615,152.142,173.998,96.639,129.77,165.725,214.577,165.309,85.068,64.07,20.52,39.251,22.682,60.804,109.344,55.223,27.746,38.334,29.723,37.64,112.327,110.26,162.316,92.585,199.186,174.52,166.585,209.207,113.07,86.053,68.817,104.293,214.466,129.134,227.258,129.295,92.969,46.919,33.098,35.447,67.244,97.67,90.497,44.165,40.049,43.088,151.858,156.784,189.304,207.013,86.64,60.383,51.352,46.479,23.464,21.648,111.439,185.944,114.964,101.874,111.307,96.979,70.791,77.24,227.617,180.803,131.675,166.973,92.039,112.17,202.204,29.602,43.655,66.848,34.659,23.818,30.887,34.112,35.041,52.987,57.446,67.135,126.661,80.592,22.473,22.17,23.415,21.514,22.007,44.14,34.319,10.772,11.338
22,137.341,180.785,173.008,148.672,57.797,188.439,181.432,252.467,215.211,152.649,174.468,97.433,129.594,164.834,215.141,164.648,83.232,62.483,20.184,39.328,22.985,58.908,108.651,55.27,27.341,37.552,28.7,37.968,111.267,109.578,161.811,91.552,198.714,174.344,165.866,209.176,111.744,85.191,68.506,103.45,214.254,129.078,227.503,129.356,93.084,47.11,32.651,35.268,67.683,97.369,90.374,44.038,39.994,42.084,150.74,155.865,188.584,206.736,86.001,59.94,49.666,46.817,24.056,20.849,109.176,184.701,113.824,99.69,109.703,96.785,69.405,76.398,227.616,180.218,131.514,166.095,91.966,111.253,201.321,31.089,44.007,66.602,33.365,23.184,30.619,34.067,34.797,52.483,57.293,65.807,126.584,79.971,22.14,22.31,22.985,22.161,21.539,42.999,34.114,10.743,11.507
23,137.756,181.25,173.052,148.233,57.487,188.726,182.388,252.423,215.306,152.985,175.109,97.749,129.895,164.303,215.732,164.281,83.88,62.337,20.609,39.233,21.851,59.338,109.553,56.222,28.45,37.161,28.124,37.267,111.204,110.339,160.953,91.786,198.652,173.219,165.705,208.543,110.268,84.605,67.793,103.306,213.701,128.432,227.5,128.753,92.437,46.73,32.492,35.075,68.278,97.154,90.041,43.793,39.779,43.071,151.303,156.754,188.27,206.137,86.584,60.015,49.659,47.564,23.862,21.254,108.325,185.024,114.462,99.292,108.722,95.212,68.385,74.514,227.987,179.656,131.064,165.972,91.205,111.497,201.341,29.927,44.365,67.052,34.059,23.912,30.152,34.538,35.68,53.053,56.772,67.182,126.73,79.289,22.838,22.027,22.955,21.011,21.068,43.166,34.611,10.855,11.501
24,136.926,180.362,172,146.947,57.56,188.58,182.71,252.258,214.982,153.117,175.651,98.026,129.613,163.719,215.733,163.758,83.353,61.767,20.126,39.757,22.479,58.398,108.594,55.542,27.858,37.216,27.873,37.021,110.444,109.458,160.149,91.128,198.29,172.251,165.461,208.043,109.67,82.865,66.8,101.839,212.916,128.534,227.743,129.444,91.912,46.401,31.743,34.466,67.926,96.487,89.87,44.506,39.264,42.793,150.038,156.589,187.929,205.661,86.061,60.249,50.573,48.596,23.844,20.677,107.707,184.369,114.447,98.133,107.397,93.637,67.258,73.728,227.894,179.198,129.786,164.434,90.168,111.279,199.951,29.506,44.556,66.464,33.736,24.021,29.52,33.117,34.76,52.623,56.553,66.184,125.696,78.218,22.253,21.194,23.263,21.176,21.2,43.054,34.163,11.253,11.872
25,136.469,180.581,172.233,146.55,56.589,188.066,182.482,252.176,215.393,154.699,175.936,97.691,129.489,163.374,216.441,163.332,83.423,62.215,20.697,39.237,22.134,58.68,108.25,55.244,27.408,36.712,27.622,37.138,110.218,109.039,159.771,90.243,197.046,172.155,164.732,207.75,107.131,81.749,66.24,101.113,212.566,128.067,227.973,128.605,91.507,46.52,32.374,33.793,67.307,95.68,89.38,43.552,39.161,42.159,149.141,155.867,187.802,205.113,85.932,59.953,48.466,47.542,22.916,20.286,106.02,183.084,113.673,96.958,106.742,92.031,66.726,72.415,227.598,178.042,128.628,163.377,89.493,109.804,199.046,29.845,43.736,65.175,33.761,23.172,30.036,32.735,34.142,53.309,56.472,66.716,125.915,78.473,21.567,21.894,23.05,21.561,20.483,42.832,33.954,11.274,10.996
26,135.411,180.212,171.365,145.527,55.415,187.205,181.848,252.067,214.164,153.111,175.201,97.431,125.747,160.534,214.338,160.944,81.426,60.246,19.223,38.008,20.888,56.203,108.682,53.799,25.804,35.691,27.332,36.292,107.892,107.658,158.148,88.406,195.601,169.587,162.831,205.793,105.999,80.447,65.62,98.56,209.672,124.751,226.243,125.331,87.172,44.451,30.739,32.45,68.405,95.156,88.591,41.355,37.226,40.282,147.506,153.193,185.497,203.088,83.83,58.841,48.274,46.941,22.208,20.191,103.035,181.323,111.99,94.566,104.391,90.426,64.534,72.432,224.788,174.482,127.911,162.592,88.063,108.63,198.201,28.316,41.547,64.148,32.011,21.894,28.318,31.682,33.295,51.626,54.332,64.708,123.103,76.901,21.313,21.841,21.258,19.529,19.573,41.884,31.834,9.978,10.605
27,136.489,180.595,172.429,147.11,56.511,186.29,180.247,252.127,213.729,152.163,175.041,97.26,122.567,160.258,211.279,158.964,82.874,62.056,18.451,37.49,21.427,56.756,109.962,55.087,27.064,34.779,27.528,35.015,107.031,105.339,157.897,87.089,193.89,168.941,161.993,205.659,105.068,79.149,66.07,102.665,208.691,131.355,224.799,125.777,86.115,43.67,29.627,32.126,73.039,98.161,90.953,42.881,37.232,39.274,146.961,152.372,184.578,202.504,84.518,59.316,48.721,95.126,21.691,23.958,103.249,179.818,109.859,94.575,103.852,88.959,72.941,86.408,223.249,173.473,127.99,163.395,89.07,108.663,198.909,27.457,41.168,62.098,32.514,21.101,27.282,30.45,38.908,51.338,53.211,63.507,122.162,77.27,20.457,20.267,20.696,20.085,19.792,46.112,32.246,10.2,10.288
28,166.992,218.478,214.066,166.958,86.182,187.235,181.645,252.324,214.379,152.492,175.614,98.064,125.006,161.436,212.418,161.528,188.04,156.324,22.229,47.628,22.81,56.517,109.894,54.976,27.138,35.716,27.165,38.148,105.462,104.437,159.144,87.733,195.559,169.95,171.05,206.43,140.317,159.577,114.645,120.573,221.895,153.486,233.944,142.162,98.863,46.448,54.12,39.278,79.084,99.228,92.278,41.215,37.091,41.066,147.432,161.056,185.401,203.159,84.532,130.973,59.51,146.813,21.874,30.325,104.205,181.321,111.034,94.866,103.483,135.997,135.39,165.52,223.704,173.644,127.775,163.501,89.391,110.152,198.308,27.729,40.69,62.404,33.27,21.494,28.87,30.729,41.235,50.672,53.737,64.043,122.008,77.045,20.675,21.179,21.356,20.532,21.191,48.43,32.634,10.464,10.189
29,187.314,237.77,235.918,185.466,108.388,194.345,189.342,253.935,218.486,153.603,177.833,100.199,127.767,165.105,215.897,166.793,205.144,171.288,42.786,85.497,42.851,56.419,109.362,55.152,31.58,40.108,38.541,76.466,104.898,105.473,193.163,97.588,227.897,198.525,189.899,217.612,210.156,207.26,140.69,130.194,226.641,161.492,237.528,150.696,103.733,46.434,56.022,58.261,79.553,99.099,92.757,42.416,37.135,48.788,157.712,168.77,195.563,203.972,94.494,145.117,147.55,148.149,23.446,31.263,139.971,221.082,135.082,173.372,176.464,174.317,140.823,167.686,224.11,175.115,136.385,179.249,98.749,126.948,199.531,28.196,42.633,65.926,36.043,29.795,40.105,30.876,42.004,51.937,53.905,64.341,122.299,76.888,20.881,21.63,22.813,23.345,22.489,50.73,33.179,11.173,11.747
30,190.497,239.721,238.399,186.986,114.314,202.017,196.494,254.582,223.016,156.287,181.443,103.088,131.182,167.983,218.122,170.141,205.944,172.095,43.697,86.024,43.746,57.458,110.376,56.686,31.742,39.651,38.582,78.124,105.099,106.376,207.258,119.406,240.947,214.88,203.165,226.969,211.894,208.872,144.598,138.81,229.128,167.025,239.536,157.073,106.87,48.635,57.215,60.517,79.74,100.296,93.615,43.538,37.176,57.193,179.285,183.612,208.182,207.349,109.212,145.588,149.461,148.817,23.075,32.784,152.018,230.855,156.518,188.7,209.601,176.617,141.828,169.568,226.378,179.842,172.862,224.14,131.824,173.499,207.371,29.969,98.42,104.18,43.296,94.633,130.564,33.831,42.865,51.754,53.034,64.961,122.196,77.637,21.384,21.06,24.534,25.053,23.035,50.177,34.663,11.913,11.771
31,191.676,240.581,239.979,187.398,118.356,204.936,200.62,254.735,225.421,163.05,188.705,109.762,133.999,168.761,220.092,172.716,206.823,172.341,44.918,85.786,44.162,56.613,109.444,56.459,31.978,40.514,40.099,79.454,105.668,107.651,209.616,129.608,243.655,217.117,204.816,228.444,212.553,209.094,146.44,141.169,230.237,169.482,240.729,159.913,108.123,49.398,58.384,61.513,80.768,99.542,92.7,43.078,37.559,62.423,184.13,189.49,213.106,211.243,113.711,145.934,149.901,149.316,24.973,34.291,153.561,231.31,159.042,189.764,210.385,177.546,141.521,169.25,229.034,185.795,194.81,241.26,151.993,189.677,225.481,32.324,135.813,145.568,54.601,94.987,132.715,35.957,42.707,52.082,56.11,65.135,123.466,77.455,21.687,21.398,24.865,25.979,23.973,51.668,34.722,12.13,12.8
32,193.251,241.307,240.775,188.352,122.133,206.216,202.739,254.766,227.014,170.77,196.308,119.056,136.155,170.148,221.186,174.265,207.645,172.656,45.135,86.365,44.925,57.106,110.81,58.087,33.504,40.455,39.225,79.101,107.13,112.163,210.383,132.313,245.031,217.553,205.627,228.93,213.057,209.383,146.867,142.504,231.208,171.69,241.89,162.022,109.446,48.874,58.616,62.189,80.74,99.985,93.784,43.332,36.774,63.293,185.859,191.899,214.76,212.789,115.668,146.968,150.786,149.723,24.459,34.108,153.62,231.605,159.696,189.54,210.816,177.694,141.929,170.018,231.905,189.707,201.955,244.57,159.656,195.323,237.126,35.366,137.282,146.391,54.746,96.32,133.506,39.517,43.173,55.609,60.159,66.494,124.008,77.101,22.373,23.542,25.304,26.736,24.267,50.821,35.222,12.166,12.11
33,193.647,241.876,241.475,188.522,124.401,207.367,204.137,254.796,227.941,179.004,203.598,126.697,137.515,170.694,222.311,175.112,208.142,172.535,45.496,87.263,44.712,57.552,110.423,57.263,33.743,42.384,40.289,79.423,110.641,118,210.265,132.95,245.605,217.598,206.05,229.034,213.443,209.806,147.976,143.289,231.764,173.757,242.348,164.193,110.747,49.377,59.858,63.035,81.098,99.57,92.668,43.712,37.014,64.622,186.514,192.624,215.751,214.077,116.92,146.739,151.077,150.433,24.934,34.042,153.733,231.968,160.256,189.976,211.563,178.61,142.296,170.274,233.211,191.124,205.165,245.566,163.647,198.182,240.385,45.052,137.594,147.154,55.642,97.454,134.388,46.289,43.177,60.605,68.018,67.004,124.615,78.246,22.866,24.758,25.529,26.496,25.176,51.553,35.398,11.997,13.261
34,194.841,242.63,242.087,189.074,127.461,208.494,205.432,254.807,228.385,183.881,206.726,130.489,138.936,170.48,223.271,175.733,208.205,172.25,45.67,87.36,44.57,58.207,110.971,58.682,35.088,43.088,40.384,79.834,114.042,123.568,209.906,133.203,245.95,217.747,206.032,229.186,213.668,209.49,148.932,144.006,231.845,174.749,242.841,165.545,111.62,48.834,59.708,62.757,80.337,99.337,93.064,44.57,37.876,64.634,186.014,193.113,216.675,214.225,117.313,146.328,151.135,150.539,25.119,35.144,153.025,232.24,161.478,188.885,211.152,178.613,141.687,169.793,233.598,190.839,206.525,245.867,166.106,200.007,241.992,80.278,138.261,147.67,55.246,98.716,135.211,60.24,43.712,70.288,90.666,70.197,127.325,78.873,24.631,26.761,25.768,26.616,25.75,51.964,35.41,12.909,13.464
35,195.187,243.295,242.698,188.876,129.758,209.036,207.244,254.812,229.107,187.498,208.274,132.972,139.684,169.933,224.193,175.662,208.223,171.549,46.374,87.791,44.628,59.67,110.99,59.497,34.863,44.668,41.895,80.144,117.556,129.328,209.356,132.884,246.128,217.817,205.987,228.649,213.797,209.704,148.888,143.94,231.999,176.042,243.564,166.979,111.83,50.432,59.932,62.851,80.135,99.047,92.281,44.203,38.429,65.126,186.14,193.084,216.975,214.208,118.183,146.27,150.786,151.342,25.694,34.3,152.765,232.468,162.01,188.817,210.927,178.279,141.24,169.777,233.934,190.721,207.718,245.997,168.271,200.649,242.171,104.494,138.127,147.862,54.887,98.444,134.708,83.332,43.169,86.77,116.277,72.716,131.363,81.644,26.98,27.496,25.965,27.415,24.635,52.425,35.726,12.534,12.753
36,195.905,243.726,243.302,188.94,131.325,209.877,208.177,254.822,229.688,190.278,210.187,135.142,140.464,169.789,225.587,175.345,208.708,171.54,45.309,87.433,44.712,61.271,111.712,59.937,35.267,47.856,42.82,80.862,120.94,134.353,208.827,132.656,246.531,217.504,206.52,228.743,213.874,209.837,149.503,144.559,232.123,176.67,243.859,168.444,112.844,50.962,61.025,62.789,80.483,99.413,92.817,45.2,37.486,65.638,185.366,194.302,217.786,214.286,118.925,146.196,151.162,151.056,25.482,34.856,152.353,232.714,161.793,188.675,211.229,178.536,140.824,170.112,234.534,190.168,208.492,245.665,169.385,202.042,242.431,108.144,138.278,147.898,55.197,98.989,134.771,114.573,43.225,103.49,128.824,76.661,134.535,83.015,28.203,28.56,26.539,26.654,25.939,51.708,35.386,12.835,13.615
37,196.134,244.366,243.919,188.737,134.419,210.455,209.047,254.832,230.32,192.368,211.593,136.639,140.138,169.148,226.545,175.074,209.043,171.094,46.788,87.973,44.039,61.845,112.337,61.295,37.513,51.508,44.219,80.905,123.656,137.112,208.994,132.982,246.851,217.284,205.99,228.67,213.596,210.251,149.447,144.265,232.011,178.02,244.148,169.138,113.804,50.837,60.637,63.064,80.32,98.573,91.919,44.584,37.215,65.617,185.296,194.55,217.409,214.367,118.841,146.015,150.099,150.961,25.209,34.214,151.637,233.042,163.032,188.205,210.729,178.885,140.25,169.958,234.46,189.543,209.149,245.7,171.397,202.79,242.461,109.26,138.707,148.405,55.912,99.975,135.039,124.574,42.761,108.669,131.02,79.448,136.697,83.758,32.172,28.786,26.782,26.251,25.38,51.714,34.895,12.271,13.168
38,196.402,245.028,244.366,187.87,135.275,211.282,210.666,254.835,230.713,194.726,213.052,138.049,141.957,168.619,227.11,174.599,209.123,170.818,45.866,88.106,44.476,65.637,112.939,64,38.746,56.527,46.677,80.739,127.022,139.993,208.271,132.527,247.152,217.128,206.644,228.658,214.334,210.489,150.267,145.053,231.953,178.239,244.475,170.345,114.33,51.365,61.239,63.353,80.137,98.592,92.299,45.697,37.399,65.473,184.494,194.996,218.034,214.187,119.557,145.946,150.707,150.929,25.191,35.64,151.966,232.987,163.605,188.035,211.053,179.545,140.251,170.162,235.006,189.052,209.77,245.447,170.644,203.348,242.374,110.788,138.557,148.698,56.017,100.687,135.975,126.779,43.342,110.063,130.782,80.219,138.581,85.008,37.05,28.844,28.073,27.608,25.552,51.524,35.634,13.138,13.469
39,197.806,245.58,245.061,188.162,137.532,211.01,211.37,254.842,231.261,195.736,214.52,140.537,141.918,167.979,228.126,174.013,209.388,170.409,45.954,88.406,44.612,68.021,113.017,64.475,38.978,60.119,48.02,80.427,128.24,140.817,207.489,131.534,247.303,216.953,206.418,228.453,213.986,210.332,150.184,145.183,231.471,178.712,244.969,171.281,114.651,52.258,60.624,62.584,79.937,97.77,91.479,45.876,37.644,66.39,184.11,195.292,217.384,213.568,119.418,145.616,150.61,151.425,24.98,35.112,150.779,233.369,164.303,187.881,210.961,179.408,139.133,169.99,234.739,188.36,210.247,245.436,171.489,204.451,242.454,110.384,139.191,148.753,56.427,99.306,135.46,127.465,42.901,110.49,131.566,81.26,140.432,86.172,44.536,29.415,27.728,27.222,25.77,51.3,35.327,13.595,13.323
40,197.728,246.109,245.43,187.668,139.327,211.718,212.398,254.835,231.109,198.136,215.808,141.704,143.138,167.675,228.61,174.385,209.627,170.239,46.784,88.965,44.483,71.42,114.265,66.8,40.194,64.99,50.087,81.053,130.208,141.88,206.61,131.989,247.314,217.113,206.254,228.279,214.07,210.634,151.156,145.515,231.518,178.96,245.246,171.922,115.38,52.708,61.986,63.585,79.763,97.881,91.878,47.047,38.054,65.01,183.743,195.602,217.559,213.342,120.411,145.511,150.289,151.049,25.426,35.216,150.589,233.609,164.775,187.473,210.969,179.891,140.007,170.711,235.138,188.405,211.399,245.358,171.658,204.716,242.429,110.453,139.235,149.691,56.416,100.401,135.975,127.634,43.557,110.958,132.147,82.582,142.024,86.764,56.377,29.496,30.001,28.218,25.598,52.359,35.4,13.215,13.64
41,198.36,246.384,245.777,187.859,140.74,211.795,212.697,254.828,231.057,198.831,216.429,142.324,142.672,167.381,228.79,173.933,209.622,170.059,46.5,89.439,44.316,74.475,115.071,67.052,40.135,68.841,51.877,81.634,131.957,141.598,206.947,131.947,247.637,216.753,206.563,228.2,213.966,210.594,151.508,145.704,231.612,179.517,245.328,172.885,116.566,53.514,61.994,63.156,80.284,98.075,91.427,48.658,38.982,64.753,183.527,195.251,217.373,213.219,119.869,145.186,150.166,150.839,24.978,35.462,150.756,233.711,164.852,187.49,211.197,179.271,139.705,170.138,235.122,187.443,211.916,245.503,172.144,205.123,242.631,110.066,139.895,150.095,56.817,100.737,135.281,127.986,44.142,110.939,131.547,83.237,143.112,88.17,61.451,29.263,29.867,27.989,25.811,51.767,35.289,13.778,13.416
42,199.256,246.968,246.152,188.168,141.969,211.95,213.272,254.833,231.67,200.441,217.888,143.287,143.521,167.191,229.246,173.522,209.693,169.946,46.714,88.52,43.95,79.462,115.67,67.986,40.634,70.067,52.196,81.208,133.338,142.369,206.034,131.74,247.535,216.587,206.25,228.49,214.411,210.654,151.518,145.587,231.38,178.885,245.355,172.433,117.722,54.993,61.825,63.453,80.071,97.69,91.617,49.536,39.848,66.494,183.387,195.821,216.867,212.589,120.261,145.297,150.297,151.767,25.839,35.51,150.212,233.728,165.349,187.433,211.022,179.689,139.284,170.11,235.123,187.528,211.658,245.075,172.358,205.694,242.759,111.912,139.918,150.398,56.522,100.235,135.796,128.574,43.624,111.151,133.306,85.785,145.807,89.006,63.239,29.186,30.742,26.824,25.75,52.581,36.406,13.38,14.534
43,198.608,247.32,246.694,188.045,143.647,212.316,214.046,254.825,231.632,201.577,218.877,144.74,144.133,166.458,229.733,173.892,210.31,169.782,46.619,89.528,44.374,82.249,117.455,70.236,41.265,72.243,52.818,80.457,133.472,143.06,205.521,131.888,247.673,216.568,206.334,227.997,214.821,211.159,151.908,145.821,231.216,179.746,245.682,173.743,118.26,55.613,62.31,63.712,80.457,97.323,90.975,50.122,39.603,65.179,182.913,195.44,217.385,212.229,120.609,145.458,150.712,151.905,25.113,35.789,149.615,233.772,165.756,187.331,211.351,179.909,139.439,170.725,234.99,186.631,211.683,245.147,171.595,206.04,242.714,112.237,139.961,150.387,56.694,100.563,135.045,128.11,43.69,111.884,132.77,86.388,147.395,90.042,63.63,29.189,31.527,27.242,26.219,52.029,35.067,13.926,14.522
44,198.803,247.595,247.156,188.184,145.244,212.441,214.247,254.838,231.579,202.471,219.641,145.833,143.585,167.13,229.992,173.891,210.013,169.608,46.557,89.102,44.272,84.918,117.366,70.751,39.986,72.756,53.757,80.831,133.437,142.619,205.49,131.175,247.779,217.214,206.37,228.235,214.2,210.795,151.909,145.835,230.891,180.166,245.94,173.973,118.447,55.575,62.691,63.549,79.982,97.441,90.659,50.853,39.813,65.135,182.753,195.811,217.154,211.687,121.101,145.197,149.996,151.521,25.792,35.529,149.616,234.137,165.751,187.061,211.021,179.96,139.284,170.554,235.44,186.469,211.68,244.943,172.011,205.528,242.594,111.32,139.934,150.985,56.52,101.499,135.508,128.554,43.855,111.728,133.089,88.39,149.33,92.145,63.527,29.654,30.881,27.869,25.82,52.208,35.76,13.42,13.869
45,199.69,247.916,247.207,188.51,146.527,212.714,214.772,254.814,231.966,202.238,220.091,146.021,143.716,166.663,230.925,173.892,209.975,169.17,46.589,88.982,44.226,88.437,117.792,71.598,40.772,73.222,53.313,81.168,133.222,143.06,205.398,130.925,247.768,216.686,205.934,227.608,214.563,210.349,151.698,145.21,230.756,180.277,245.782,174.029,119.102,56.082,62.172,63.082,80.066,96.595,90.225,52.501,40.001,65.066,182.711,195.508,217.101,211.747,120.542,144.777,149.694,152.147,24.8,35.297,149.339,234.214,166.165,186.235,210.943,180.274,138.422,169.578,235.58,186.258,211.718,244.73,171.693,206.045,242.362,111.182,140.089,150.721,56.885,101.275,135.378,127.905,43.76,111.494,132.786,89.971,151.506,92.542,62.912,29.412,31.288,27.328,26.25,51.384,35.891,13.222,13.912
46,200.675,248.348,247.744,188.841,147.034,212.693,214.772,254.825,231.901,203.339,220.658,145.796,144.325,166.51,231.168,173.677,210.215,169.663,47.479,89.152,43.676,89.999,118.413,72.183,40.091,73.763,53.803,81.844,133.239,143.479,204.803,131.13,247.972,216.208,206.406,227.906,214.73,210.718,152.858,145.385,230.511,179.834,246.3,174.811,119.715,56.95,62.135,63.239,80.149,96.873,90.415,53.085,40.425,65.184,182.24,196.156,217.054,211.328,121.216,144.687,149.571,151.919,25.211,34.603,149.323,234.482,166.479,186.054,210.654,179.997,138.511,170.084,235.409,185.837,212.182,244.605,171.504,206.258,242.404,111.556,140.479,150.947,57.3,100.022,134.848,128.039,43.253,112.142,132.513,90.994,152.462,93.432,63.401,29.606,31.492,27.556,25.42,52.325,35.005,13.05,13.545
47,200.782,248.52,247.888,188.58,148.14,212.858,215.433,254.819,232.13,203.841,220.779,146.513,144.777,166.622,231.443,173.691,210.63,169.112,47.552,90.056,44.061,90.803,118.23,73.235,41.242,74.651,53.43,82.089,132.817,143.811,204.487,131.006,248.046,216.24,206.321,227.887,214.837,210.69,152.517,144.867,230.351,180.45,246.352,175.108,120.358,57.411,62.056,63.531,80.296,96.56,90.441,54.307,40.493,65.159,182.191,196.043,217.084,211.328,120.775,145.158,149.511,152.851,25.103,34.457,148.588,234.771,166.302,186.48,211.061,179.575,138.353,170.008,235.504,185.247,211.992,244.418,171.194,206.053,242.024,111.011,139.884,150.986,56.911,100.628,135.022,127.645,44.041,111.937,133.539,92.237,153.707,94.707,63.513,29.609,31.851,26.687,25.137,51.409,35.889,14.163,13.736
48,201.402,248.835,248.328,188.899,149.039,212.807,215.838,254.779,232.249,204.082,221.386,146.929,145.345,166.338,231.837,173.835,210.358,168.865,46.83,89.765,43.98,91.029,119.196,73.282,40.63,75.01,53.891,81.142,133.271,144.501,204.029,130.744,248.359,216.427,206.677,228.123,214.837,211.222,152.682,145.381,230.286,180.439,246.494,174.915,121.003,58.052,62.275,63.809,79.817,97.035,90.483,55.141,40.789,65.693,182.183,196.946,216.67,211.144,120.464,144.235,149.649,151.87,25.652,34.788,148.887,234.591,166.647,186.792,211.26,180.55,138.816,170.095,235.338,185.404,211.877,244.278,171.034,205.985,242.083,109.183,140.823,151.436,57.001,101.061,135.411,126.775,43.831,113.045,134.332,93.267,154.939,94.774,64.228,28.937,31.937,27.201,25.673,52.448,35.502,12.676,13.637
49,201.596,249.077,248.277,188.973,149.374,212.852,215.913,254.817,232.16,204.314,221.71,146.805,145.591,166.168,232.304,173.672,210.691,169.218,46.838,90.377,44.602,92.029,119.554,74.616,41.271,74.81,53.806,81.292,132.257,144.187,204.116,131.479,248.244,216.7,206.73,228.064,215.247,210.665,153.691,145.409,229.771,180.44,246.603,175.831,122.637,58.777,62.575,64.025,79.525,96.052,89.453,56.816,41.288,65.014,181.993,196.582,216.818,210.983,121.714,145.078,149.948,151.507,26.091,34.807,148.367,234.816,166.946,186.369,211.131,180.05,137.62,169.978,235.73,185.109,212.348,244.108,170.517,206.038,241.879,107.568,140.613,150.904,56.818,101.61,134.559,125.997,43.156,113.707,134.668,95.094,155.937,96.753,63.313,29.947,31.332,28.126,25.792,51.67,35.441,13.814,14.088
50,201.557,249.13,248.61,188.94,149.712,213.194,216.196,254.822,232.591,204.818,222.226,147.414,145.128,166.239,232.626,173.908,210.838,169.208,46.98,89.634,43.723,90.841,119.637,73.799,40.166,74.594,54.177,81.916,131.992,144.296,203.92,130.552,248.392,216.352,206.686,227.943,214.948,210.7,152.215,144.156,230.228,180.75,246.458,175.696,122.573,59.249,62.496,64.51,79.811,95.48,89.288,57.38,41.056,65.138,181.887,196.867,216.616,210.768,121.676,144.602,149.575,152.547,25.666,34.786,148.284,234.592,167.179,185.884,211.169,180.18,137.827,170.001,235.577,185.225,212.25,244.148,170.567,205.849,241.805,105.193,140.74,151.353,56.441,100.939,134.705,124.891,43.831,113.135,135.028,95.705,157.275,96.311,63.904,29.025,31.919,27.609,26.496,51.286,36.283,12.841,13.804
51,202.095,249.33,248.627,189.236,150.307,213.655,216.673,254.817,232.577,205.615,222.242,147.925,146.285,166.251,233.144,173.768,210.979,168.214,46.839,89.754,43.384,91.888,119.342,74.425,40.709,74.623,54.141,81.906,131.751,144.281,203.756,130.216,248.54,216.274,206.147,228.106,215.028,210.832,152.46,144.043,229.82,180.325,246.831,176.115,123.898,59.274,63.137,64.063,80.216,95.313,88.778,58.027,42.392,66.092,181.504,197.233,216.796,210.293,121.982,144.934,149.483,152.536,26.626,33.432,147.712,234.686,167.211,186.038,210.761,180.494,137.128,169.768,236.031,185.473,212.205,244.168,170.852,206.554,241.623,102.858,140.369,152.006,57.275,100.159,133.561,124.874,43.594,113.575,134.865,97.071,158.623,96.677,64.355,28.899,30.31,27.999,26.184,51.7,35.153,13.133,13.582
52,202.156,249.628,248.721,188.936,151.482,213.536,217.281,254.807,232.67,205.146,222.84,148.534,145.911,166.258,233.8,174.108,211.038,168.992,46.909,90.304,44.42,91.784,120.128,74.953,41.52,75.307,53.577,81.711,132.359,145.21,203.878,130.591,248.862,216.175,206.352,228.116,215.349,210.732,152.411,143.073,229.517,180.554,246.838,176.999,125.642,60.145,62.52,64.951,79.831,95.191,88.455,59.511,42.189,65.274,181.737,196.964,216.774,210.43,121.737,144.416,149.899,152.511,26.714,34.373,148.228,234.906,167.845,186.112,211.042,180.789,138.254,170.047,236.108,184.933,212.408,243.869,171.208,206.74,241.192,100.271,140.966,151.887,57.066,100.89,133.851,124.017,44.285,114.284,135.159,98.021,159.471,97.339,63.246,28.517,31.514,27.075,26.986,52.401,35.564,13.556,14.486
53,201.807,249.768,248.835,188.563,150.837,214.049,217.553,254.817,232.63,205.441,223.397,148.408,146.499,166.007,234.02,173.93,211.214,168.358,46.385,90.137,43.349,91.669,119.352,74.747,41.476,74.409,53.541,81.412,130.253,145.135,203.23,130.159,248.648,215.834,206.183,227.615,214.746,210.67,151.779,142.168,229.543,180.162,247.066,176.796,125.398,60.439,63.06,63.825,79.476,94.156,88.156,59.466,41.897,64.552,181.099,197.115,216.842,210.098,121.972,144.272,148.651,152.5,25.707,33.311,146.719,234.878,168.075,185.911,210.589,180.693,137.546,169.838,235.834,184.824,212.075,243.69,170.592,206.594,241.097,96.483,140.703,151.663,57.214,100.348,132.539,123.951,43.317,113.539,135.024,98.651,159.832,97.039,63.457,27.419,31.38,28.089,26.138,51.913,35.682,13.335,13.898
54,202.279,249.82,248.806,188.179,151.059,213.466,218.074,254.758,232.818,205.803,223.463,148.554,146.658,166.089,234.464,173.765,210.947,166.919,46.296,89.603,43.374,90.811,119.669,74.236,40.958,73.996,53.838,81.486,130.957,145.451,202.651,129.92,248.691,215.866,206.047,227.806,214.859,210.397,152.56,141.408,228.605,179.756,246.948,176.732,125.057,60.545,62.549,63.119,79.054,94.182,87.601,59.895,42.529,64.622,180.54,197.205,216.899,209.846,121.37,144.006,149.191,151.902,25.972,33.517,147.011,234.774,167.573,184.985,210.367,180.225,137.061,169.652,235.98,183.953,212.236,243.413,169.994,206.61,241.094,93.5,140.285,151.765,57.461,99.704,132.349,124.874,43.86,113.014,135.299,97.707,159.765,96.934,62.317,26.74,30.925,26.756,25.902,52.156,35.384,13.325,13.888
55,202.332,249.996,248.953,188.088,151.307,214.017,217.927,254.779,232.785,205.933,224.434,148.099,147.068,165.781,234.616,173.701,211.108,167.482,45.62,89.973,43.797,90.541,119.631,75.043,40.141,74.696,54.19,82.536,130.293,144.88,202.436,129.513,248.825,215.131,206.203,227.392,214.779,210.228,151.965,140.867,228.304,179.961,247.071,177.606,126.127,62.332,61.953,63.883,79.029,93.039,86.715,60.281,41.718,64.475,180.366,197.772,216.468,209.42,121.344,143.475,148.878,152.123,25.338,31.939,146.444,235.12,168.256,184.999,210.686,180.148,136.598,169.841,236.087,183.859,212,243.194,169.835,206.49,240.805,91.612,140.278,151.017,56.789,99.521,131.865,124.179,43.327,113.758,134.929,98.605,160.44,97.208,61.437,25.587,32.102,27.863,25.947,51.901,35.451,13.42,14.061
56,201.673,250.105,248.908,187.399,151.454,213.624,218.413,254.771,233.04,206,224.393,148.704,147.059,165.939,235.028,172.98,210.918,167.102,45.169,90.23,43.83,91.251,120.418,75.374,41.398,75.331,54.73,81.5,130.751,145.419,202.451,129.233,248.918,215.74,206.451,227.616,214.901,210.351,152.367,140.473,228.288,180.309,247.367,177.147,125.612,61.535,63.691,63.719,79.506,93.483,87.089,60.373,42.62,64.98,180.21,197.521,216.409,209.05,121.992,144.01,148.976,151.832,25.409,32.095,146.221,235.182,168.48,184.797,210.79,180.858,136.066,169.119,236.078,183.304,211.937,243.198,169.899,206.838,240.508,87.933,140.394,152.356,57.147,99.915,132.193,124.48,43.658,114.137,135.036,99.314,160.314,97.725,59.98,24.887,30.846,27.284,25.073,51.323,35.059,13.529,14.686
57,202.02,250.162,249.031,187.314,151.697,214.08,218.779,254.761,232.777,206.362,225.021,149.324,147.503,165.67,235.381,173.543,211.324,167.061,45.159,90.369,43.658,91.084,119.7,75.58,42.212,75.043,53.897,81.641,131.085,145.599,201.617,129.384,248.948,215.098,206.446,227.437,214.858,210.672,151.532,139.494,228.042,180.623,247.271,177.92,125.87,62.623,62.7,63.863,79.215,92.74,86.513,61.258,42.697,64.304,180.249,197.542,216.402,208.515,121.878,142.669,148.948,152.911,24.863,32.032,146.131,235.314,168.359,184.447,210.158,179.758,136.588,169.401,235.876,183.546,212.099,242.842,169.31,206.226,240.728,84.447,139.447,150.711,56.726,99.884,131.608,125.612,43.314,114.306,135.159,99.313,160.753,97.163,57.478,24.328,32.047,26.571,25.82,52.088,35.255,13.596,13.309
58,201.831,250.331,249.02,187.096,152.288,214.36,218.939,254.752,233.026,207.044,225.368,150.047,147.616,165.316,235.807,173.242,211.265,166.753,45.376,89.73,42.802,91.08,120.363,76.173,40.971,75.082,54.831,82.236,130.845,146.237,201.304,128.932,248.996,215.14,206.314,227.592,214.774,210.575,152.617,139.647,227.42,180.102,247.489,177.68,126.335,62.432,62.504,63.191,79.297,92.028,86.849,60.617,42.61,64.81,179.432,197.818,216.402,208.052,121.228,143.721,148.493,152.659,25.996,30.758,145.803,235.369,168.986,185.247,210.989,180.591,136.605,169.418,236.233,182.989,212.369,242.891,169.749,207.367,240.222,81.265,138.953,151.515,56.943,99.968,131.651,125.468,42.973,114.307,135.71,99.341,161.07,97.284,54.735,23.284,31.573,27.575,25.464,52.377,35.606,12.508,13.684
59,201.743,250.359,249.13,187.154,152.256,214.032,219.243,254.761,232.955,207.119,225.409,150.268,147.513,164.891,236.003,172.911,211.244,166.54,44.309,90.201,43.094,91.26,119.874,75.708,41.584,74.483,53.291,80.965,130.687,146.327,200.803,128.439,248.996,214.726,206.222,227.378,214.25,209.957,151.57,138.422,227.184,179.464,247.458,178.105,126.366,62.626,62.92,63.851,78.318,92.258,86.314,62.27,42.73,64.86,179.448,197.729,215.983,207.941,120.985,143.338,149.216,152.13,25.722,29.802,145.235,235.401,169.182,184.207,210.208,180.242,135.626,169.26,235.927,182.793,211.94,242.434,169.112,206.707,239.882,77.049,138.05,150.344,55.885,99.071,130.06,125.032,42.677,113.881,135.613,99.707,161.613,97.285,50.698,22.631,30.068,26.916,26.591,51.274,34.801,13.106,13.395
60,201.799,250.415,249.046,186.58,152.468,214.297,219.606,254.758,233.198,207.128,225.899,150.017,148.085,164.918,236.31,172.243,211.271,166.108,44.106,90.567,42.885,90.81,120.391,76.83,41.291,74.662,53.268,81.325,130.06,145.831,201.12,128.715,249.091,214.628,206.022,227.133,214.328,210.071,151.606,137.736,226.814,178.927,247.423,177.874,126.003,62.084,62.348,63.75,79.119,91.944,86.282,61.736,42.485,64.874,179.046,197.673,216.064,207.939,122.041,142.951,148.391,152.175,25.923,29.51,145.3,235.367,169.127,183.82,209.771,180.718,135.556,169.362,236.274,182.18,212.082,242.274,169.244,206.416,239.769,71.994,138.06,150.497,56.61,99.008,129.778,125.064,43.944,114.406,135.148,100.024,161.947,96.937,47.06,21.897,29.793,27.193,26.193,51.749,34.549,14.208,14.133
61,201.892,250.501,248.946,186.823,152.715,213.839,219.546,254.768,233.02,207.174,226.094,149.912,147.331,165.103,236.568,172.874,211.032,165.689,43.628,90.046,42.746,90.473,120.07,75.573,40.89,74.913,53.564,81.81,130.722,145.581,200.487,128.223,249,214.703,205.926,227.127,214.824,209.782,152.317,138.018,226.962,179.187,247.589,178.018,126.925,63.747,63.274,63.622,80.015,91.761,85.975,61.842,42.689,64.433,179.149,197.5,216.084,207.651,121.468,142.793,147.599,152.212,25.767,28.191,144.693,235.251,168.897,183.982,209.947,180.939,134.858,168.616,236.275,182.335,211.616,242.348,168.479,206.147,239.643,68.895,137.207,150.374,56.918,98.267,129.806,124.859,43.372,114.436,135.279,100.557,162.346,97.648,44.781,22.251,29.149,26.885,26.145,52.106,35.685,14.148,14.091
62,201.697,250.457,249.057,185.666,152.774,213.873,219.772,254.742,233.324,206.996,226.128,150.071,148.316,164.563,237.038,172.074,210.898,165.373,42.818,89.348,42.814,90.68,119.894,76.068,41.3,73.897,53.411,80.904,129.694,145.916,199.939,127.67,248.929,214.439,205.554,227.142,214.941,209.193,151.707,137.83,226.38,179.215,247.58,177.679,126.777,63.113,63.25,64.159,78.99,90.771,85.304,61.059,42.237,64.493,178.598,197.71,215.31,206.979,121.359,141.648,147.52,151.546,25.585,27.05,143.866,235.115,169.013,183.088,209.324,179.567,134.705,168.517,235.939,181.761,211.725,242.144,168.594,206.881,239.921,64.587,137.11,149.92,56.267,96.151,128.135,124.855,43.243,113.186,134.732,100.716,161.916,97.126,41.622,21.043,28.235,25.953,26.52,51.81,35.392,13.151,13.932
63,201.933,250.616,249.085,186.144,152.622,214.043,220.204,254.758,233.447,207.462,226.872,150.3,148.427,165.046,237.233,172.641,211.001,165.205,43.011,90.596,42.297,90.654,119.658,75.682,41.45,74.535,53.218,80.8,129.328,146.528,199.905,127.916,248.953,214.478,205.989,226.94,214.837,209.588,152.348,138.532,226.306,178.976,247.591,178.412,127.135,63.486,63.208,63.482,78.58,90.788,84.985,61.887,42.257,65.159,178.797,197.623,215.936,207.628,121.412,142.594,147.719,151.342,25.532,26.404,143.777,235.006,169.293,183.568,209.736,180.543,135.345,168.937,236.04,181.7,212.068,241.848,168.419,206.43,239.737,61.426,136.173,149.542,56.353,95.831,127.054,124.7,42.682,114.317,135.212,101.004,161.71,96.927,38.018,21.251,28.352,26.145,25.418,51.841,35.52,13.074,13.608
64,201.782,250.696,249.147,185.969,152.79,214.123,220.398,254.758,233.545,207.467,226.836,150.431,148.978,164.943,236.913,172.313,211.216,165.388,41.44,89.27,42.656,90.99,119.306,75.541,41.122,74.81,53.299,81.594,129.309,146.207,199.642,127.668,249.172,214.817,205.74,227.465,215.07,209.633,151.767,138.226,226.663,178.764,247.684,179.112,127.703,63.705,62.926,63.514,78.427,89.901,85.511,62.078,41.82,64.362,177.941,197.926,215.668,207.542,121.094,142.37,147.218,151.534,25.592,25.334,144.521,235.053,169.609,183.479,210.198,180.263,134.381,168.647,236.045,180.865,211.961,242.163,168.855,206.663,239.401,58.306,135.363,148.613,56.267,92.937,124.372,124.792,44.116,114.721,134.735,100.616,161.732,97.106,36.321,20.575,28.622,26.211,26.529,51.411,35.383,12.937,13.939
65,201.686,250.638,249.015,185.635,153.078,214.563,220.392,254.76,233.567,208.243,227.11,149.957,148.8,165.05,237.465,172.601,211.105,165.279,41.726,91.219,42.937,90.035,119.267,75.48,41.56,74.768,52.943,81.106,128.968,145.626,199.796,127.409,249.302,214.391,205.342,227.148,214.79,209.476,151.742,137.835,226.377,179.263,247.739,178.714,127.652,63.536,62.74,63.686,78.378,90.32,84.395,61.465,41.233,63.985,178.43,197.887,215.374,206.95,121.075,141.919,147.052,152.324,25.028,24.644,142.979,235.154,169.061,183.106,209.601,179.626,134.98,168.573,235.96,181.067,211.844,241.869,168.11,206.489,239.541,54.711,134.666,148.189,55.939,91.113,121.553,123.818,43.289,114.344,135.457,100.897,161.383,96.196,34.337,19.883,27.749,27.37,26.057,51.814,34.836,12.88,13.635
66,201.979,250.83,249.092,185.697,152.668,214.345,220.439,254.76,233.304,208.136,227.137,150.818,149.237,164.922,237.68,173.021,211.274,164.939,40.899,89.82,42.493,90.433,119.556,76.211,42.032,74.99,52.979,82.05,128.437,146.147,199.54,127.486,249.159,214.274,205.511,227.11,214.619,209.285,152.282,137.749,225.983,178.973,247.916,178.437,127.063,63.363,62.838,63.723,78.813,90.018,84.595,60.852,42.464,63.959,178.088,197.701,215.642,206.677,121.122,142.631,146.546,151.617,25.873,23.912,143.628,235.008,169.156,182.884,209.613,180.084,134.834,168.645,236.168,181.138,211.786,241.788,168.124,206.499,239.399,53.384,133.222,148.144,55.83,88.863,120.098,124.296,42.575,113.825,134.927,100.098,161.422,96.169,31.878,20.906,27.325,26.316,24.916,51.612,34.391,12.852,13.443
67,201.954,250.767,249.311,185.482,153.225,214.232,221.088,254.75,233.415,207.847,227.84,150.886,149.194,164.691,237.976,172.723,211.451,164.837,40.318,90.355,42.962,90.119,120.337,76.212,41.399,75.295,52.894,81.279,127.433,145.804,199.296,127.912,249.19,214.286,206.221,226.782,214.965,209.293,152.088,137.187,225.753,178.747,247.786,178.096,126.651,62.969,62.624,63.479,78.198,90.297,83.971,60.461,41.855,64.201,177.947,197.765,215.506,206.591,121.373,142.046,147.027,151.556,25.67,23.049,142.729,235.193,169.369,182.458,209.13,180.275,135.247,168.295,236.042,181.522,212.088,241.468,167.768,206.624,239.272,52.067,132.321,147.006,55.44,87.87,118.93,124.314,42.992,114.37,134.563,100.194,161.334,95.286,30.689,20.965,26.838,26.529,25.93,51.638,35.16,13.284,14.215
68,202.373,250.976,249.193,184.862,153.844,214.499,220.966,254.722,233.545,208.071,228.044,150.612,149.486,164.902,238.3,172.687,211.377,164.662,39.51,90.106,42.081,90.296,120.411,76.77,41.601,73.814,52.862,80.919,127.989,145.96,199.162,126.959,249.229,214.332,205.218,226.865,214.909,209.06,151.747,136.827,225.582,178.911,247.99,178.332,126.714,61.67,62.936,63.289,78.228,89.443,83.711,60.413,40.983,63.43,177.705,198.443,215.54,206.627,120.911,142.149,146.453,151.647,25.563,23.209,142.478,234.846,168.804,182.799,209.585,179.966,134.095,168.615,236.232,180.684,212.184,241.405,167.496,206.497,238.925,49.538,131.373,146.225,55.453,87.93,117.394,124.49,43.215,113.779,134.916,100.656,161.339,95.068,27.849,20.803,26.62,26.021,25.214,51.297,34.968,13.473,13.436
69,201.781,251.098,249.24,185.089,154.036,214.912,221.454,254.729,233.504,208.521,228.441,151.365,149.288,164.842,238.401,173.103,211.663,164.54,39.344,90.37,42.497,90.496,120.246,77.758,41.969,74.508,52.609,81.284,127.346,146.193,198.703,126.675,249.228,214.264,205.804,227.064,214.891,209.434,152.254,137.049,225.781,179.075,248.106,178.547,126.647,62.62,63.088,63.663,78.07,90.318,84.166,59.429,40.591,63.788,177.39,198.113,215.066,205.913,120.793,141.566,146.911,152.043,25.777,21.775,142.476,234.876,168.904,183.004,209.293,180.522,134.543,168.52,236.218,180.708,212.204,241.352,167.419,206.446,238.772,48.126,130.39,145.606,56.605,86.56,116.99,123.876,42.719,114.367,134.078,100.309,160.446,95.196,27.045,20.448,27.061,26.598,25.046,51.552,35.5,12.982,13.419
70,202.285,251.075,249.302,185.02,154.338,214.777,221.263,254.74,233.844,208.575,228.637,151.163,149.739,165.187,238.743,171.888,211.654,164.705,39.103,91.07,42.791,90.154,120.511,76.466,41.726,75.264,52.897,82.258,127.246,146.729,198.5,126.764,249.429,214.013,205.647,226.757,214.99,208.937,152.183,136.21,225.078,178.832,248.045,178.771,126.587,63.135,63.155,63.749,78.162,89.689,84.162,59.662,40.455,63.492,177.515,198.001,215.218,205.951,120.272,141.307,146.598,151.556,25.813,21.48,142.074,234.939,169.48,182.277,209.015,180.271,133.711,168.325,236.292,180.675,212.292,241.168,167.644,206.346,238.929,47.385,128.623,144.693,55.365,85.025,114.744,122.872,42.749,114.482,135.223,100.513,160.851,94.126,25.689,19.964,26.543,25.885,26.156,51.993,34.31,13.277,13.687
71,202.08,251.068,249.13,184.369,154.57,214.705,221.631,254.719,233.447,208.772,228.642,151.68,149.365,164.662,238.729,172.23,211.088,162.909,39.177,89.989,40.792,90.712,119.899,76.394,41.737,74.422,52.623,80.775,126.348,145.577,198.433,126.986,249.092,213.418,205.144,226.594,214.45,208.598,151.351,136.279,225.018,178.472,248.151,178.416,126.184,61.722,62.109,62.591,77.135,88.529,83.377,59.631,40.673,63.663,177.054,198.253,214.461,205.327,121.084,141.068,146.395,151.406,25.951,21.17,141.236,234.574,169.323,182.061,208.462,180.184,133.529,168.23,235.946,179.753,212.049,241.068,166.87,206.32,238.623,45.397,126.637,142.52,54.51,83.809,112.413,121.686,43.059,114.464,134.047,99.464,159.29,93.634,25.142,20.022,25.638,26.074,25.742,51.082,35.418,13.004,14.003
72,202.339,251.337,249.182,183.948,154.758,214.809,221.761,254.739,233.372,208.741,228.329,150.85,149.797,164.469,239.057,172.775,211.79,164,37.684,89.691,42.432,89.547,119.908,76.694,41.549,74.919,52.866,81.771,126.601,146.054,197.866,126.515,249.367,213.779,205.539,226.264,214.246,208.75,151.542,136.356,225.075,178.652,248.398,178.747,126.582,62.404,62.271,62.715,78.098,88.711,83.493,58.936,40.48,64.339,176.982,198.399,215.345,205.927,120.394,141.29,146.169,150.95,25.233,20.547,141.38,234.381,168.778,181.189,208.172,179.585,133.453,168.098,236.165,179.968,212.151,240.707,166.257,206.021,238.577,43.905,125.447,142.075,54.94,81.292,110.922,120.996,42.711,113.774,134.151,98.561,158.676,93.154,23.761,21.116,26.221,26.465,25.503,51.02,35.377,13.3,13.323
73,202.059,251.239,249.223,184.004,154.757,214.735,221.908,254.721,233.69,208.975,229.089,151.416,150.807,164.64,239.492,172.679,211.134,162.979,38.311,90.052,41.955,89.42,119.37,76.693,40.911,74.553,52.345,80.492,126.397,145.781,197.427,125.925,249.297,213.247,205.113,226.454,214.76,208.325,151.503,136.084,225.047,178.306,248.236,178.841,126.135,61.82,62.838,63.89,77.872,88.753,83.796,59.142,40.863,63.56,177.339,198.972,214.517,205.605,120.923,140.743,146.229,151.596,25.733,21.145,140.244,234.054,168.464,180.923,208.19,179.7,133.373,167.754,236.468,179.251,211.823,240.818,166.532,205.807,238.347,43.052,124.124,141.43,53.968,79.554,108.423,119.996,42.299,114.034,132.696,98.849,158.172,92.13,23.675,19.962,25.902,26.511,25.268,51.501,34.834,13.226,13.277
74,201.718,251.406,249.446,184.087,154.613,214.74,222.453,254.708,233.413,209.655,229.133,152.378,150.676,163.851,239.98,172.494,211.649,163.094,36.225,89.608,41.781,90.046,120.714,76.951,41.352,74.352,52.24,81.859,126.088,145.816,197.753,126.063,249.454,213.698,205.32,226.79,214.936,208.187,151.756,135.883,224.828,178.408,248.549,178.25,126.501,61.866,62.862,63.705,77.668,88.057,83.373,59.021,40.057,63.272,176.507,198.913,214.985,205.02,121.359,140.589,146.599,151.311,25.846,20.897,140.039,234.284,168.774,181.49,208.528,179.726,133.068,167.623,236.44,179.363,212.332,240.499,166.33,206.103,238.102,42.591,122.95,141.094,54.543,77.841,107.209,119.957,42.286,113.616,133.866,98.187,158.719,92.376,23.57,19.964,25.145,26.676,25.972,51.74,36.173,13.088,13.561
75,201.966,251.448,249.221,183.405,155.077,214.989,222.846,254.709,233.441,209.801,229.423,152.084,151.208,164.753,240.345,172.51,211.472,162.704,37.007,90.222,41.663,89.091,120.497,77.753,40.978,75.43,52.138,81.284,125.968,146.168,197.316,125.999,249.472,213.189,205.645,226.881,215.008,207.915,152.068,135.599,224.638,178.556,248.437,179.158,127.085,62.307,63.239,63.94,78.332,88.094,83.566,58.123,39.071,63.913,177.184,198.883,214.729,205.549,120.609,141.05,146.803,151.617,26.303,21.265,139.997,234.408,169.462,181.084,208.8,180.384,132.592,167.373,236.511,179.33,212.027,240.237,166.049,206.327,238.324,40.584,122.152,140.128,54.471,76.687,104.416,120.042,41.817,113.807,134.866,98.457,158.267,92.008,23.588,19.504,25.89,26.534,25.089,50.964,34.947,12.619,13.061
76,202.311,251.517,249.318,183.499,155.332,215.068,223.173,254.681,234.172,209.862,229.577,151.908,151.55,163.398,240.328,172.95,211.307,162.349,35.968,89.546,40.876,88.581,119.609,77.288,40.228,74.263,51.76,80.103,125.235,145.531,196.904,126.38,249.363,213.253,205.028,226.179,214.848,207.708,151.256,135.18,224.29,178.494,248.472,178.771,126.581,60.789,61.816,63.42,77.193,87.335,82.159,57.874,39.351,62.888,176.377,198.789,214.482,205.082,120.309,140.036,146.042,151.18,26.401,20.124,138.884,234.274,169.373,180.786,207.855,179.899,132.078,166.955,236.433,178.73,212.073,240.101,165.52,206.02,237.799,38.88,120.733,139.398,53.834,75.288,103.205,118.119,42.208,112.845,133.264,97.155,157.613,90.714,22.895,20.545,25.359,25.574,25.209,50.423,34.597,12.723,13.844
77,201.902,251.568,249.309,183.228,155.384,214.799,223.096,254.703,234.049,210.37,230.046,152.296,151.32,163.056,240.369,172.007,211.51,162.341,35.754,89.494,41.504,88.804,120.229,77.226,40.274,74.081,52.647,80.804,125.145,145.265,196.521,125.233,249.426,213.232,205.061,226.067,214.265,208.018,151.004,134.941,224.042,178.894,248.61,179.038,127.304,61.242,62.342,62.617,77.321,86.536,82.041,56.487,39.071,62.654,175.609,198.496,214.824,204.954,120.303,139.912,146.092,151.774,25.358,20.397,138.486,233.954,168.781,180.966,208.133,179.642,131.851,166.497,236.281,178.838,211.71,240.003,165.591,206.366,237.887,38.649,118.598,138.492,53.5,74.471,102.162,118.559,42.131,113.69,133.694,97.038,156.782,89.891,23.071,20.996,24.712,26.394,25.953,51.304,34.895,13.281,13.737
78,202.21,251.592,249.119,182.916,154.547,214.796,223.705,254.691,233.585,210,230.464,152.255,151.177,163.825,240.982,172.338,211.159,161.64,35.377,89.606,40.521,87.996,120.088,76.666,41.268,74.137,51.032,80.468,124.042,145.342,196.392,125.12,249.306,212.647,204.402,225.862,214.411,206.722,151.068,133.658,223.543,178.092,248.743,178.623,126.149,61.06,62.5,63.461,77.258,86.703,82.356,55.775,37.968,62.904,175.18,198.763,214.373,204.17,119.455,139.226,145.694,150.746,25.573,20.436,139.063,233.957,169.11,180.088,207.418,179.797,131.785,166.448,236.278,177.831,211.804,239.806,165.589,206.284,237.682,38.499,117.708,137.207,53.524,72.524,99.993,117.392,42.117,112.881,133.44,96.824,155.982,90.306,22.947,19.539,25.823,25.771,25.183,51.204,34.688,12.447,13.972
79,202.013,251.608,249.219,182.696,155.451,215.573,223.536,254.686,234.091,210.23,230.459,152.2,151.085,163.078,241.183,172.189,210.975,161.331,35.034,89.236,40.594,88.761,119.574,76.501,40.722,74.077,51.49,80.549,123.767,145.327,196.249,125.338,249.376,212.82,204.716,226.338,214.348,207.25,151.256,134.373,223.779,178.811,248.832,178.859,125.775,60.659,62.184,63.251,76.901,86.663,81.656,55.75,38.113,62.948,175.365,199.148,213.883,203.846,119.196,139.391,145.905,150.323,25.38,20.67,138.894,234.247,169.233,180.08,207.615,179.412,131.736,166.972,236.24,178.197,212.008,239.573,165.559,205.753,237.766,38.035,116.469,136.18,53.187,71.454,98.339,118.042,41.608,113.58,133.54,96.844,155.619,89.735,22.295,20.635,25.919,25.802,25.387,50.999,35.698,12.453,13.116
80,201.909,251.669,249.169,182.21,154.98,214.975,223.376,254.663,233.785,210.711,230.181,151.684,151.557,163.049,240.933,171.823,210.573,160.729,33.978,88.997,40.289,87.216,119.225,76.656,40.124,74.246,51.584,79.985,122.911,144.965,195.325,124.757,249.31,212.351,204.518,226.184,214.374,206.714,150.865,133.898,223.087,177.979,248.892,179.074,126.223,60.556,61.751,62.926,76.94,85.703,80.876,55.465,37.698,62.309,175.45,198.56,213.96,203.803,119.873,139.057,145.797,150.064,25.462,20.652,138.397,234.137,169.279,179.158,206.846,178.715,131.464,166.254,236.214,178.103,211.792,239.413,164.772,205.756,237.59,37.916,114.855,134.067,52.654,71.686,97.215,116.655,41.339,112.786,132.735,96.44,155.144,88.756,22.566,20.638,24.797,25.191,25.659,50.929,34.971,13.212,13.38
81,201.662,251.696,249.265,181.911,154.324,214.842,223.665,254.663,233.654,210.425,230.786,152.772,151.109,162.957,241.182,172.045,210.92,160.669,33.659,89.536,40.088,87.402,120.106,77.698,40.457,72.774,51.656,79.965,122.447,144.818,194.824,124.781,249.232,212.159,204.348,225.561,214.532,206.858,151.168,133.655,222.947,177.425,248.806,178.406,125.186,59.408,62.719,63.187,77.028,85.693,81.366,54.295,38.37,61.774,174.715,198.637,213.365,203.708,119.098,138.788,145.651,150.538,25.923,20.827,137.658,234.075,168.975,179.281,206.744,178.901,131.395,166.412,236.04,177.511,211.765,239.412,164.486,205.723,237.108,36.539,112.909,133.684,52.272,70.096,95.568,115.972,40.651,112.358,132.626,95.383,154.932,88.337,22.444,18.574,25.176,25.372,26.244,50.704,35.143,13.101,13.824
82,201.383,251.842,249.285,182.27,155.436,215.063,223.939,254.714,234.022,210.282,230.769,152.227,150.827,163.161,241.325,171.885,210.971,160.905,33.659,89.159,40.186,87.07,119.568,77.595,40.233,73.982,50.933,80.284,122.304,145.588,195.197,124.085,249.321,212.739,203.982,225.823,214.412,207.237,151.496,133.658,222.818,178.05,248.795,178.55,125.573,60.057,62.613,63.687,77.226,86.788,81.891,54.323,37.032,62.215,174.39,198.911,213.8,203.483,119.099,138.275,145.608,150.221,25.514,20.376,137.652,233.83,168.918,179.025,206.647,179.399,131.589,166.648,236.497,177.684,211.777,239.304,164.693,205.853,237.423,37.324,112.416,132.682,53.041,70.099,94.503,115.268,41.02,112.758,133.109,95.707,154.647,89.028,21.881,20.205,26.105,25.999,25.943,51.25,35.816,13.48,13.288
83,201.468,251.86,249.122,181.785,155.976,215.313,224.053,254.672,233.856,210.895,230.831,152.993,151.51,162.644,241.665,171.563,211.165,159.958,32.77,89.106,39.672,88.542,119.622,77.152,40.601,73.707,51.577,80.342,122.413,145.13,195.148,124.33,249.476,212.342,204.64,225.642,214.543,206.281,151.242,134.297,222.627,178.145,249.021,178.872,125.091,60.25,61.933,63.493,76.328,86.281,81.5,53.339,37.297,63.321,174.743,198.797,214.155,203.355,119.437,138.318,145.571,150.101,24.56,20.936,137.846,234.13,169.056,178.754,206.742,178.866,130.92,166.254,236.068,177.159,211.462,238.89,163.515,206.071,237.016,36.272,110.98,132.29,51.63,69.68,92.729,113.858,41.043,112.335,133.499,94.698,154.753,87.95,21.478,20.824,25.187,25.904,25.272,50.845,34.863,12.623,13.581
84,201.898,251.81,249.261,181.951,155.999,215.221,224.42,254.686,233.927,211.155,231.272,152.94,151.499,163.158,241.785,171.419,210.55,160.092,32.883,89.218,39.623,87.663,119.694,76.905,39.609,73.416,50.828,79.777,121.223,144.744,194.719,123.996,249.288,212.183,204.135,225.675,213.962,205.837,150.867,133.001,222.873,177.866,249.148,178.61,123.99,59.321,62.096,63.08,76.451,85.385,80.648,53.208,37.573,62.045,174.142,198.835,213.587,202.891,118.457,138.205,145.321,149.782,25.728,19.818,137.226,233.58,169.369,178.497,206.253,178.725,130.613,165.69,236.2,177.214,211.571,238.803,163.668,205.698,236.967,36.39,108.328,130.073,51.707,68.025,89.986,112.712,41.277,113.137,132.204,95.02,153.317,87.249,22.708,19.697,25.103,25.969,24.433,49.793,34.155,13.559,13.524
85,202.21,251.918,249.194,181.804,156.293,215.412,224.479,254.701,233.951,210.866,231.452,153.2,151.799,163.007,241.881,171.909,210.778,159.94,32.806,89.48,40.17,87.568,120.008,77.511,39.966,73.767,52.006,81.282,121.151,145.518,194.36,124.123,249.447,211.951,204.191,225.557,214.282,206.226,151.381,133.119,222.489,178.05,249.014,178.485,123.661,59.063,61.964,63.746,76.726,85.746,80.799,53.169,37.522,61.965,173.849,199.04,213.377,202.878,118.144,138.131,145.712,150.092,26.103,20.293,137.307,234.216,169.453,178.31,206.056,179.628,130.54,166.284,236.034,176.899,211.999,238.754,163.399,205.476,236.752,35.874,107.978,128.989,52.401,66.014,88.313,111.828,41.025,112.859,132.575,94.994,153.292,87.054,22.117,20.341,25.302,24.899,25.184,51.148,34.436,13.436,13.338
86,201.87,251.937,249.194,181.342,156.161,215.261,224.659,254.672,233.658,210.833,231.466,153.275,151.587,162.355,242.113,171.159,210.89,160.119,32.546,88.965,39.138,87.439,119.892,77.837,39.668,73.747,51.237,79.62,120.721,144.74,193.911,124.189,249.37,212.384,204.299,225.103,213.95,205.571,151.085,132.93,222.169,177.915,249.117,178.316,123.223,59.541,62.409,63.345,75.659,85.284,80.256,51.552,35.212,61.68,173.782,198.95,213.225,202.528,117.925,137.67,144.785,149.187,24.877,19.863,137.038,233.86,169.254,177.825,205.561,178.965,130.355,165.803,236.307,176.36,211.993,238.698,163.267,205.599,236.569,35.596,105.483,126.728,51.642,63.419,86.55,109.514,40.244,112.813,132.358,94.842,153.869,86.353,21.499,20.128,24.936,24.897,24.885,50.58,34.239,12.373,12.567
87,202.168,251.979,249.191,181.091,155.933,215.79,224.574,254.639,234.202,211.611,231.71,153.331,151.637,162.932,242.094,170.909,210.649,159.647,32.353,89.446,39.451,87.715,120.122,77.359,39.585,73.575,51.144,79.541,120.86,144.31,193.834,123.309,249.279,212.053,203.48,225.975,214.06,205.552,150.876,132.855,221.811,177.725,249.109,177.972,122.194,58.764,62.239,63.321,75.937,85.501,80.462,50.796,35.971,62.346,173.982,198.67,213.511,202.54,117.353,138.054,145.159,148.92,24.976,20.796,136.109,233.348,168.927,177.401,205.318,178.411,129.965,165.799,236.184,176.221,211.8,238.49,163.001,205.711,236.66,36.623,104.384,126.42,50.898,63.554,86.472,108.965,40.363,112.122,131.993,93.689,152.545,86.487,22.395,20.392,25.291,25.235,24.784,50.458,35.506,12.661,12.76
88,202.015,252.073,249.134,180.669,156.007,215.475,224.846,254.658,233.443,211.343,231.98,153.326,151.282,161.968,242.344,170.624,210.804,159.665,31.637,89.179,39.011,87.736,119.628,77.619,39.367,73.345,50.94,79.911,119.973,144.236,193.14,122.825,249.263,211.391,203.366,225.672,213.778,204.944,150.705,132.29,221.904,178.216,249.286,178.13,121.715,56.842,61.677,63.126,75.77,85.426,80.137,50.649,35.286,61.591,173.373,199.089,212.965,201.672,116.983,136.455,145.134,149.278,25.818,20.071,136.186,233.426,168.277,177.563,205.395,178.61,129.48,165.763,235.961,176.025,212.122,238.42,162.226,205.155,236.314,35.232,102.473,124.696,49.927,62.661,87.124,106.851,39.196,111.803,131.994,92.916,152.01,85.334,21.406,19.378,24.913,25.612,25.263,50.06,34.103,12.746,13.237
89,201.929,252.047,249.103,180.518,155.874,215.402,225.108,254.65,233.63,211.715,232.011,152.867,151.511,161.514,242.758,170.425,210.589,158.82,31.496,88.466,38.443,86.272,119.448,77.729,38.335,73.043,50.152,79.43,119.096,144.216,192.957,122.589,249.211,211.158,203.066,225.204,213.881,204.253,150.489,131.38,221.288,177.46,249.26,177.591,120.899,57.331,61.987,62.63,75.226,84.152,79.662,49.92,34.165,60.873,172.228,198.703,212.527,201.933,117.092,135.411,144.27,147.622,24.446,18.735,135.147,233.006,168.26,175.543,203.781,178.184,128.88,165.246,235.679,175.399,211.413,237.866,161.7,205.183,236.099,35.3,102.954,125.142,50.226,61.922,84.922,105.149,37.838,111.429,131.809,92.513,150.997,85.215,21.342,20.205,24.834,24.455,24.735,49.652,34.129,11.839,13.017
90,202.254,252.046,248.834,180.042,156.585,215.736,225.436,254.652,233.609,211.741,232.423,152.946,151.5,161.655,242.591,170.186,211.113,159.247,31.696,89.094,39.87,87.05,121.007,78.487,39.137,74.061,51.542,79.828,119.528,144.476,192.349,123.124,249.147,211.046,203.307,225.204,213.573,204.031,150.416,131.485,220.693,177.939,249.313,177.877,121.317,57.135,61.887,63.201,77.345,84.496,80.126,51.128,35.257,62.399,172.426,198.701,212.522,201.637,117.38,136.23,144.754,147.908,25.443,21.37,134.577,232.715,168.466,175.951,203.807,178.007,129.249,165.191,235.567,174.972,211.877,237.792,161.806,205.596,235.995,36.376,102.827,125.334,51.707,63.197,84.539,102.867,39.732,112.36,131.948,92.288,150.432,85.127,22.985,20.742,25.763,26.059,25.973,51.006,35.368,13.394,13.979
91,201.79,252.148,248.904,179.377,156.493,215.714,225.581,254.662,233.652,211.736,232.6,154.3,151.749,161.571,242.8,169.922,210.899,158.601,31.663,88.985,39.064,87.596,119.663,78.05,39.376,73.705,50.929,79.715,119.07,144.258,192.465,123.228,249.272,211.158,203.169,225.345,213.746,204.876,150.57,131.172,221.261,177.683,249.325,178.277,120.874,57.236,61.901,63.01,76.288,84.948,79.821,48.397,33.796,61.297,172.665,198.934,212.411,201.594,117.39,136.295,144.987,148.015,25.901,19.573,134.253,232.736,168.983,175.37,203.918,178.884,129.568,165.43,235.837,175.517,211.732,237.513,160.823,205.366,235.764,37.451,103.929,125.531,50.936,62.8,84.511,100.654,37.413,112.707,132.369,91.93,150.622,84.056,22.705,20.687,25.778,26.054,25.289,50.102,35.068,12.461,13.464
92,202.022,252.235,248.839,179.038,156.068,215.825,225.743,254.649,233.923,212.176,232.55,152.946,151.816,160.186,242.943,169.372,210.971,158.419,31.161,89.207,38.959,86.413,120.123,77.67,38.777,73.624,50.992,79.775,118.927,144.29,192.359,123.043,249.122,210.58,202.714,225.353,213.352,204.327,150.197,130.774,220.363,177.49,249.23,177.743,119.837,56.131,62.108,62.541,76.279,84.004,79.392,48.869,33.563,61.101,172.145,199.263,212.272,201.274,117.577,135.965,144.226,147.158,25.235,20.965,134.514,232.433,168.148,174.887,202.388,178.437,128.617,165.256,235.515,174.556,212.075,237.169,160.348,205.029,235.56,36.507,103.739,124.291,49.891,62.922,82.811,98.289,36.979,111.846,131.638,90.877,149.221,82.582,22.039,20.412,25.835,25.927,25.113,50.272,33.723,12.803,13.916
93,201.834,252.296,248.86,179.216,156.82,215.877,225.778,254.627,233.731,212.37,232.544,154.017,151.134,160.27,243.085,169.226,210.383,157.849,31.19,89.175,38.032,86.306,120.455,77.985,38.434,73.747,49.916,79.796,118.054,143.814,191.411,122.304,249.177,210.605,202.645,225.23,213.411,203.779,150.517,130.306,219.863,177.878,249.351,177.433,119.81,56.228,61.849,63.115,76.209,84.155,79.479,48.306,34.395,61.575,171.616,198.99,212.142,200.915,118.331,135.814,144.233,146.856,25.327,20.021,132.98,232.427,167.978,173.855,202.028,177.816,128.084,164.757,235.598,173.88,211.927,237.225,159.891,204.968,235.623,36.554,102.817,124.754,50.549,61.987,84.507,95.662,36.196,111.36,131.588,90.637,148.589,82.7,22.483,19.578,25.372,24.559,24.423,50.691,35.153,12.324,13.663
94,201.936,252.127,248.613,178.536,156.947,215.811,225.693,254.636,233.188,212.425,232.625,152.742,151.383,160.874,242.883,168.89,210.87,157.676,31.377,89.131,38.887,86.698,119.905,78.101,38.663,73.297,49.742,79.821,117.781,143.022,192.152,122.507,248.869,210.64,202.385,224.737,212.789,204.063,149.763,130.436,220.115,177.427,249.096,177.148,119.64,54.473,60.831,62.37,75.606,83.964,79.425,48.253,32.473,61.73,171.62,198.859,211.782,201.151,117.087,134.814,143.897,146.141,26.046,20.061,132.99,231.93,167.332,173.2,200.845,177.349,128.172,164.951,235.373,174.284,212.179,237.067,159.957,204.221,235.662,35.599,102.109,124.288,51.353,62.725,84.575,93.918,36.38,112.025,130.778,89.927,147.229,81.547,21.592,20.19,24.476,25.015,24.915,50.771,34.33,12.628,13.473